ID,name,email,phoneNumber,image,address
1,Vijay,vijay.kumar@gmail.com,9876543210,https://encrypted-tbn0.gstatic.com/images?q=tbn:ANd9GcTF3657S-L7q4NIbL8najNuH-Mz1iCfJzqdabeXRTgcCKBEhnv2jee1WDfGVGPELSAHBM04EPDp5rdoptpipYy-m9Rf6g2wDYNsmsnA3Ys&s=10,Chennai
2,Suriya,suriya.@gmail.com,9876543211,https://images.hindustantimes.com/img/2022/10/10/550x309/Suriya_1658583857413_1665390371955_1665390371955.jpg,Bangalore
3,AR rahman,arrahman.singh@gmail.com,9876543212,https://i0.wp.com/rahmaniac.com/wp-content/uploads/2017/06/AR_Gallery.jpg?resize=800%2C500&ssl=1,Delhi
4,Dhoni,dhoni.@gmail.com,9876543213,https://d3lzcn6mbbadaf.cloudfront.net/media/details/ANI-20260124074123.jpg,Coimbatore
5,Velupillai prabhakaran,prabhakaran.@gmail.com,9876543214,https://www.tamilguardian.com/sites/default/files/Image/pictures/2025/Other/LTTE%20Prabhakaran.jpg,Thamizh eelam
6,Suresh raina,Sureshraina.nair@gmail.com,9876543215,https://s3.ap-south-1.amazonaws.com/assets.ynos.in/investor-profile-photos/I_7000186.jpg,Kochi 
7,Narendra modi,narendramodi.verma@gmail.com,9876543216,https://www.thehawk.in/_next/image?url=https%3A%2F%2Fd2py10ayqu2jji.cloudfront.net%2Ff0cf1c75-a54a-49b2-994e-029352923a38%2F20250712098f-4d8b43b1-a4e0-4a0d-ae68-c7d1df6c81bd.jpg&w=3840&q=75,Kolkata
8,Ajithkumar,ajithkumar.@gmail.com,9876543226,https://ritzmagazineimages.b-cdn.net/uploads/2020/05/ajith-kumar.jpg,Chennai
9,Netaji Subhas Chandra Bose,bose.@gmail.com,9876543218,https://alotusinthemud.com/wp-content/uploads/2026/01/netaji-subhash-chandra-e1769354385670.png,West Bengal
10,Tom cruise,tomcruise.joshi@gmail.com,9876543219,https://encrypted-tbn2.gstatic.com/licensed-image?q=tbn:ANd9GcQ6Nc9GvwGwoYIQRqvC6DDWeYPeTW72_tJGll_M-N4paK20jkfjcFnSUbHtceDtSncMU3uK9cgQdpUwjRU,Pune
11,Seeman,seeman.@gmail.com,9876543220,https://th-i.thgim.com/public/incoming/ih2eua/article68589229.ece/alternates/FREE_1200/Seeman%202.jpg,Chennai
12,Kalyani priyadarshan,kalyanipriyadarshan.kapoor@gmail.com,9876543221,https://www.kalakarhouse.com/wp-content/uploads/2024/04/adInventory2Fads2F5Bimage5D20-20660515_1710413220982.webp,Lucknow
13,Peter Dinklage,peterdinklage.@gmail.com,9876543222,https://cdn.britannica.com/46/188646-050-BC193B7A/Peter-Dinklage-publicity-shot-2012.jpg,Surat
14,Robert Downey Jr,robertdowney.rao@gmail.com,9876543223,https://m.media-amazon.com/images/M/MV5BNzg1MTUyNDYxOF5BMl5BanBnXkFtZTgwNTQ4MTE2MjE@._V1_.jpg,Mysore
15,Kane Williamson,kanewilliamson.@gmail.com,9876543224,https://cdn.siasat.com/wp-content/uploads/2023/09/kane-Williamson.jpg,Nagpur
16,A.P.J Abdul kalam,pooja.mishra@gmail.com,9876543225,https://encrypted-tbn0.gstatic.com/images?q=tbn:ANd9GcQi8qgnazPRLdr-bJ3gjlI4r5X2ymPSs_iHUWs8VzN1Gq8gnJxIZG8yqBYNZA0WC6CAk2Dy3zaaPeean4DxJ_Q2jJYgCO1y3-x2Riz8QA&s=10,Rameshwaram
17,Professor,professor.@gmail.com,9876543217,https://i.pinimg.com/736x/fe/ed/1a/feed1ab70ae6d60484bb901c9e91590e.jpg,Hyderabad
18,Neha,neha.tiwari@gmail.com,9876543227,https://www.tamilguardian.com/sites/default/files/Image/pictures/2025/Other/LTTE%20Prabhakaran.jpg,Indore
19,Sanjay,sanjay.yadav@gmail.com,9876543228,Bhopal
20,Ishita,ishita.gupta@gmail.com,9876543229,Chandigarh